experiment_id,run_id,prob_kb_version,subject,predicate,object,triple_key,observation_confidence,source_id,source_type,provenance,extractor_version,iteration
DEC029_NO_FEEDBACK,train_kb,conservative_noisy_or_conflict_adjusted,laptop device,has_price_usd,1099,laptop device|has_price_usd|1099,0.95,product_2,unstructured,It is a laptop device. Priced at 1099 USD. The display measures 14.0 inches. Comes with 6GB of RAM. Offers 128GB of internal storage. Fast charging is no. Noise cancellation: no.,unstructured,3
DEC029_NO_FEEDBACK,train_kb,conservative_noisy_or_conflict_adjusted,laptop device,has_screen_size_inch,14.0,laptop device|has_screen_size_inch|14.0,0.95,product_2,unstructured,It is a laptop device. Priced at 1099 USD. The display measures 14.0 inches. Comes with 6GB of RAM. Offers 128GB of internal storage. Fast charging is no. Noise cancellation: no.,unstructured,3
DEC029_NO_FEEDBACK,train_kb,conservative_noisy_or_conflict_adjusted,laptop device,has_ram_gb,6,laptop device|has_ram_gb|6,0.95,product_2,unstructured,It is a laptop device. Priced at 1099 USD. The display measures 14.0 inches. Comes with 6GB of RAM. Offers 128GB of internal storage. Fast charging is no. Noise cancellation: no.,unstructured,3
DEC029_NO_FEEDBACK,train_kb,conservative_noisy_or_conflict_adjusted,laptop device,has_storage_gb,128,laptop device|has_storage_gb|128,0.95,product_2,unstructured,It is a laptop device. Priced at 1099 USD. The display measures 14.0 inches. Comes with 6GB of RAM. Offers 128GB of internal storage. Fast charging is no. Noise cancellation: no.,unstructured,3
DEC029_NO_FEEDBACK,train_kb,conservative_noisy_or_conflict_adjusted,laptop device,supports_fast_charging,no,laptop device|supports_fast_charging|no,0.95,product_2,unstructured,It is a laptop device. Priced at 1099 USD. The display measures 14.0 inches. Comes with 6GB of RAM. Offers 128GB of internal storage. Fast charging is no. Noise cancellation: no.,unstructured,3
DEC029_NO_FEEDBACK,train_kb,conservative_noisy_or_conflict_adjusted,laptop device,has_noise_cancellation,no,laptop device|has_noise_cancellation|no,0.95,product_2,unstructured,It is a laptop device. Priced at 1099 USD. The display measures 14.0 inches. Comes with 6GB of RAM. Offers 128GB of internal storage. Fast charging is no. Noise cancellation: no.,unstructured,3
DEC029_NO_FEEDBACK,train_kb,conservative_noisy_or_conflict_adjusted,PixelWare Laptop Max 9,manufactured_by,PixelWare,pixelware laptop max 9|manufactured_by|pixelware,0.85,product_9,unstructured,PixelWare Laptop Max 9 is manufactured by PixelWare. It is a laptop device. Battery lasts up to 24 hours. Weighs approximately 0.23kg. Built with carbon fiber construction. Targeted at the EU market. Noise cancellation: no.,unstructured,3
DEC029_NO_FEEDBACK,train_kb,conservative_noisy_or_conflict_adjusted,PixelWare Laptop Max 9,belongs_to_category,laptop device,pixelware laptop max 9|belongs_to_category|laptop device,0.85,product_9,unstructured,PixelWare Laptop Max 9 is manufactured by PixelWare. It is a laptop device. Battery lasts up to 24 hours. Weighs approximately 0.23kg. Built with carbon fiber construction. Targeted at the EU market. Noise cancellation: no.,unstructured,3
DEC029_NO_FEEDBACK,train_kb,conservative_noisy_or_conflict_adjusted,PixelWare Laptop Max 9,has_battery_life_hours,24,pixelware laptop max 9|has_battery_life_hours|24,0.85,product_9,unstructured,PixelWare Laptop Max 9 is manufactured by PixelWare. It is a laptop device. Battery lasts up to 24 hours. Weighs approximately 0.23kg. Built with carbon fiber construction. Targeted at the EU market. Noise cancellation: no.,unstructured,3
DEC029_NO_FEEDBACK,train_kb,conservative_noisy_or_conflict_adjusted,PixelWare Laptop Max 9,has_weight_kg,0.23,pixelware laptop max 9|has_weight_kg|0.23,0.85,product_9,unstructured,PixelWare Laptop Max 9 is manufactured by PixelWare. It is a laptop device. Battery lasts up to 24 hours. Weighs approximately 0.23kg. Built with carbon fiber construction. Targeted at the EU market. Noise cancellation: no.,unstructured,3
DEC029_NO_FEEDBACK,train_kb,conservative_noisy_or_conflict_adjusted,PixelWare Laptop Max 9,made_of_material,carbon fiber construction,pixelware laptop max 9|made_of_material|carbon fiber construction,0.85,product_9,unstructured,PixelWare Laptop Max 9 is manufactured by PixelWare. It is a laptop device. Battery lasts up to 24 hours. Weighs approximately 0.23kg. Built with carbon fiber construction. Targeted at the EU market. Noise cancellation: no.,unstructured,3
DEC029_NO_FEEDBACK,train_kb,conservative_noisy_or_conflict_adjusted,PixelWare Laptop Max 9,target_market_region,EU,pixelware laptop max 9|target_market_region|eu,0.85,product_9,unstructured,PixelWare Laptop Max 9 is manufactured by PixelWare. It is a laptop device. Battery lasts up to 24 hours. Weighs approximately 0.23kg. Built with carbon fiber construction. Targeted at the EU market. Noise cancellation: no.,unstructured,3
DEC029_NO_FEEDBACK,train_kb,conservative_noisy_or_conflict_adjusted,PixelWare Laptop Max 9,has_noise_cancellation,no,pixelware laptop max 9|has_noise_cancellation|no,0.85,product_9,unstructured,PixelWare Laptop Max 9 is manufactured by PixelWare. It is a laptop device. Battery lasts up to 24 hours. Weighs approximately 0.23kg. Built with carbon fiber construction. Targeted at the EU market. Noise cancellation: no.,unstructured,3
DEC029_NO_FEEDBACK,train_kb,conservative_noisy_or_conflict_adjusted,VoltEdge Headphones Air 11,manufactured_by,VoltEdge,voltedge headphones air 11|manufactured_by|voltedge,0.92,product_11,unstructured,VoltEdge Headphones Air 11 is manufactured by VoltEdge. It is a headphones device. Comes with 16GB of RAM. Offers 256GB of internal storage. Battery lasts up to 8 hours. Targeted at the EU market. Noise cancellation: yes.,unstructured,3
DEC029_NO_FEEDBACK,train_kb,conservative_noisy_or_conflict_adjusted,VoltEdge Headphones Air 11,has_ram_gb,16,voltedge headphones air 11|has_ram_gb|16,0.91,product_11,unstructured,VoltEdge Headphones Air 11 is manufactured by VoltEdge. It is a headphones device. Comes with 16GB of RAM. Offers 256GB of internal storage. Battery lasts up to 8 hours. Targeted at the EU market. Noise cancellation: yes.,unstructured,3
DEC029_NO_FEEDBACK,train_kb,conservative_noisy_or_conflict_adjusted,VoltEdge Headphones Air 11,has_storage_gb,256,voltedge headphones air 11|has_storage_gb|256,0.91,product_11,unstructured,VoltEdge Headphones Air 11 is manufactured by VoltEdge. It is a headphones device. Comes with 16GB of RAM. Offers 256GB of internal storage. Battery lasts up to 8 hours. Targeted at the EU market. Noise cancellation: yes.,unstructured,3
DEC029_NO_FEEDBACK,train_kb,conservative_noisy_or_conflict_adjusted,VoltEdge Headphones Air 11,has_battery_life_hours,8,voltedge headphones air 11|has_battery_life_hours|8,0.91,product_11,unstructured,VoltEdge Headphones Air 11 is manufactured by VoltEdge. It is a headphones device. Comes with 16GB of RAM. Offers 256GB of internal storage. Battery lasts up to 8 hours. Targeted at the EU market. Noise cancellation: yes.,unstructured,3
DEC029_NO_FEEDBACK,train_kb,conservative_noisy_or_conflict_adjusted,VoltEdge Headphones Air 11,target_market_region,EU,voltedge headphones air 11|target_market_region|eu,0.91,product_11,unstructured,VoltEdge Headphones Air 11 is manufactured by VoltEdge. It is a headphones device. Comes with 16GB of RAM. Offers 256GB of internal storage. Battery lasts up to 8 hours. Targeted at the EU market. Noise cancellation: yes.,unstructured,3
DEC029_NO_FEEDBACK,train_kb,conservative_noisy_or_conflict_adjusted,VoltEdge Headphones Air 11,has_noise_cancellation,yes,voltedge headphones air 11|has_noise_cancellation|yes,0.91,product_11,unstructured,VoltEdge Headphones Air 11 is manufactured by VoltEdge. It is a headphones device. Comes with 16GB of RAM. Offers 256GB of internal storage. Battery lasts up to 8 hours. Targeted at the EU market. Noise cancellation: yes.,unstructured,3
DEC029_NO_FEEDBACK,train_kb,conservative_noisy_or_conflict_adjusted,PixelWare Smartwatch Plus 12,manufactured_by,PixelWare,pixelware smartwatch plus 12|manufactured_by|pixelware,0.95,product_12,unstructured,PixelWare Smartwatch Plus 12 is manufactured by PixelWare. Priced at 299 USD. Offers 128GB of internal storage. Weighs approximately 1.8kg. Built with carbon fiber construction. Fast charging is yes. Noise cancellation: no.,unstructured,3
DEC029_NO_FEEDBACK,train_kb,conservative_noisy_or_conflict_adjusted,PixelWare Smartwatch Plus 12,has_price_usd,299,pixelware smartwatch plus 12|has_price_usd|299,0.95,product_12,unstructured,PixelWare Smartwatch Plus 12 is manufactured by PixelWare. Priced at 299 USD. Offers 128GB of internal storage. Weighs approximately 1.8kg. Built with carbon fiber construction. Fast charging is yes. Noise cancellation: no.,unstructured,3
DEC029_NO_FEEDBACK,train_kb,conservative_noisy_or_conflict_adjusted,PixelWare Smartwatch Plus 12,has_storage_gb,128,pixelware smartwatch plus 12|has_storage_gb|128,0.95,product_12,unstructured,PixelWare Smartwatch Plus 12 is manufactured by PixelWare. Priced at 299 USD. Offers 128GB of internal storage. Weighs approximately 1.8kg. Built with carbon fiber construction. Fast charging is yes. Noise cancellation: no.,unstructured,3
DEC029_NO_FEEDBACK,train_kb,conservative_noisy_or_conflict_adjusted,PixelWare Smartwatch Plus 12,has_weight_kg,1.8,pixelware smartwatch plus 12|has_weight_kg|1.8,0.95,product_12,unstructured,PixelWare Smartwatch Plus 12 is manufactured by PixelWare. Priced at 299 USD. Offers 128GB of internal storage. Weighs approximately 1.8kg. Built with carbon fiber construction. Fast charging is yes. Noise cancellation: no.,unstructured,3
DEC029_NO_FEEDBACK,train_kb,conservative_noisy_or_conflict_adjusted,PixelWare Smartwatch Plus 12,made_of_material,carbon fiber,pixelware smartwatch plus 12|made_of_material|carbon fiber,0.95,product_12,unstructured,PixelWare Smartwatch Plus 12 is manufactured by PixelWare. Priced at 299 USD. Offers 128GB of internal storage. Weighs approximately 1.8kg. Built with carbon fiber construction. Fast charging is yes. Noise cancellation: no.,unstructured,3
DEC029_NO_FEEDBACK,train_kb,conservative_noisy_or_conflict_adjusted,PixelWare Smartwatch Plus 12,supports_fast_charging,yes,pixelware smartwatch plus 12|supports_fast_charging|yes,0.95,product_12,unstructured,PixelWare Smartwatch Plus 12 is manufactured by PixelWare. Priced at 299 USD. Offers 128GB of internal storage. Weighs approximately 1.8kg. Built with carbon fiber construction. Fast charging is yes. Noise cancellation: no.,unstructured,3
DEC029_NO_FEEDBACK,train_kb,conservative_noisy_or_conflict_adjusted,PixelWare Smartwatch Plus 12,has_noise_cancellation,no,pixelware smartwatch plus 12|has_noise_cancellation|no,0.95,product_12,unstructured,PixelWare Smartwatch Plus 12 is manufactured by PixelWare. Priced at 299 USD. Offers 128GB of internal storage. Weighs approximately 1.8kg. Built with carbon fiber construction. Fast charging is yes. Noise cancellation: no.,unstructured,3
DEC029_NO_FEEDBACK,train_kb,conservative_noisy_or_conflict_adjusted,smartphone device,has_screen_size_inch,11.0,smartphone device|has_screen_size_inch|11.0,0.95,product_13,unstructured,It is a smartphone device. The display measures 11.0 inches. Comes with 4GB of RAM. Weighs approximately 0.55kg. Targeted at the EU market. Fast charging is yes. Noise cancellation: no.,unstructured,3
DEC029_NO_FEEDBACK,train_kb,conservative_noisy_or_conflict_adjusted,smartphone device,has_ram_gb,4,smartphone device|has_ram_gb|4,0.95,product_13,unstructured,It is a smartphone device. The display measures 11.0 inches. Comes with 4GB of RAM. Weighs approximately 0.55kg. Targeted at the EU market. Fast charging is yes. Noise cancellation: no.,unstructured,3
DEC029_NO_FEEDBACK,train_kb,conservative_noisy_or_conflict_adjusted,smartphone device,has_weight_kg,0.55,smartphone device|has_weight_kg|0.55,0.95,product_13,unstructured,It is a smartphone device. The display measures 11.0 inches. Comes with 4GB of RAM. Weighs approximately 0.55kg. Targeted at the EU market. Fast charging is yes. Noise cancellation: no.,unstructured,3
DEC029_NO_FEEDBACK,train_kb,conservative_noisy_or_conflict_adjusted,smartphone device,target_market_region,EU,smartphone device|target_market_region|eu,0.95,product_13,unstructured,It is a smartphone device. The display measures 11.0 inches. Comes with 4GB of RAM. Weighs approximately 0.55kg. Targeted at the EU market. Fast charging is yes. Noise cancellation: no.,unstructured,3
DEC029_NO_FEEDBACK,train_kb,conservative_noisy_or_conflict_adjusted,smartphone device,supports_fast_charging,yes,smartphone device|supports_fast_charging|yes,0.95,product_13,unstructured,It is a smartphone device. The display measures 11.0 inches. Comes with 4GB of RAM. Weighs approximately 0.55kg. Targeted at the EU market. Fast charging is yes. Noise cancellation: no.,unstructured,3
DEC029_NO_FEEDBACK,train_kb,conservative_noisy_or_conflict_adjusted,smartphone device,has_noise_cancellation,no,smartphone device|has_noise_cancellation|no,0.95,product_13,unstructured,It is a smartphone device. The display measures 11.0 inches. Comes with 4GB of RAM. Weighs approximately 0.55kg. Targeted at the EU market. Fast charging is yes. Noise cancellation: no.,unstructured,3
DEC029_NO_FEEDBACK,train_kb,conservative_noisy_or_conflict_adjusted,PixelWare Smartphone Air 15,manufactured_by,PixelWare,pixelware smartphone air 15|manufactured_by|pixelware,0.95,product_15,unstructured,PixelWare Smartphone Air 15 is manufactured by PixelWare. It is a smartphone device. Comes with 8GB of RAM. Battery lasts up to 14 hours. Weighs approximately 0.55kg. Available in green. Fast charging is no.,unstructured,3
DEC029_NO_FEEDBACK,train_kb,conservative_noisy_or_conflict_adjusted,PixelWare Smartphone Air 15,has_ram_gb,8,pixelware smartphone air 15|has_ram_gb|8,0.95,product_15,unstructured,PixelWare Smartphone Air 15 is manufactured by PixelWare. It is a smartphone device. Comes with 8GB of RAM. Battery lasts up to 14 hours. Weighs approximately 0.55kg. Available in green. Fast charging is no.,unstructured,3
DEC029_NO_FEEDBACK,train_kb,conservative_noisy_or_conflict_adjusted,PixelWare Smartphone Air 15,has_battery_life_hours,14,pixelware smartphone air 15|has_battery_life_hours|14,0.95,product_15,unstructured,PixelWare Smartphone Air 15 is manufactured by PixelWare. It is a smartphone device. Comes with 8GB of RAM. Battery lasts up to 14 hours. Weighs approximately 0.55kg. Available in green. Fast charging is no.,unstructured,3
DEC029_NO_FEEDBACK,train_kb,conservative_noisy_or_conflict_adjusted,PixelWare Smartphone Air 15,has_weight_kg,0.55,pixelware smartphone air 15|has_weight_kg|0.55,0.95,product_15,unstructured,PixelWare Smartphone Air 15 is manufactured by PixelWare. It is a smartphone device. Comes with 8GB of RAM. Battery lasts up to 14 hours. Weighs approximately 0.55kg. Available in green. Fast charging is no.,unstructured,3
DEC029_NO_FEEDBACK,train_kb,conservative_noisy_or_conflict_adjusted,PixelWare Smartphone Air 15,has_color,green,pixelware smartphone air 15|has_color|green,0.95,product_15,unstructured,PixelWare Smartphone Air 15 is manufactured by PixelWare. It is a smartphone device. Comes with 8GB of RAM. Battery lasts up to 14 hours. Weighs approximately 0.55kg. Available in green. Fast charging is no.,unstructured,3
DEC029_NO_FEEDBACK,train_kb,conservative_noisy_or_conflict_adjusted,PixelWare Smartphone Air 15,supports_fast_charging,no,pixelware smartphone air 15|supports_fast_charging|no,0.95,product_15,unstructured,PixelWare Smartphone Air 15 is manufactured by PixelWare. It is a smartphone device. Comes with 8GB of RAM. Battery lasts up to 14 hours. Weighs approximately 0.55kg. Available in green. Fast charging is no.,unstructured,3
DEC029_NO_FEEDBACK,train_kb,conservative_noisy_or_conflict_adjusted,TechNova Tablet Lite 16,manufactured_by,TechNova,technova tablet lite 16|manufactured_by|technova,0.85,product_16,unstructured,TechNova Tablet Lite 16 is manufactured by TechNova. It is a tablet device. Offers 128GB of internal storage. Available in blue. Targeted at the US market. Fast charging is no. Noise cancellation: no.,unstructured,3
DEC029_NO_FEEDBACK,train_kb,conservative_noisy_or_conflict_adjusted,TechNova Tablet Lite 16,belongs_to_category,tablet device,technova tablet lite 16|belongs_to_category|tablet device,0.85,product_16,unstructured,TechNova Tablet Lite 16 is manufactured by TechNova. It is a tablet device. Offers 128GB of internal storage. Available in blue. Targeted at the US market. Fast charging is no. Noise cancellation: no.,unstructured,3
DEC029_NO_FEEDBACK,train_kb,conservative_noisy_or_conflict_adjusted,TechNova Tablet Lite 16,has_storage_gb,128,technova tablet lite 16|has_storage_gb|128,0.85,product_16,unstructured,TechNova Tablet Lite 16 is manufactured by TechNova. It is a tablet device. Offers 128GB of internal storage. Available in blue. Targeted at the US market. Fast charging is no. Noise cancellation: no.,unstructured,3
DEC029_NO_FEEDBACK,train_kb,conservative_noisy_or_conflict_adjusted,TechNova Tablet Lite 16,has_color,blue,technova tablet lite 16|has_color|blue,0.85,product_16,unstructured,TechNova Tablet Lite 16 is manufactured by TechNova. It is a tablet device. Offers 128GB of internal storage. Available in blue. Targeted at the US market. Fast charging is no. Noise cancellation: no.,unstructured,3
DEC029_NO_FEEDBACK,train_kb,conservative_noisy_or_conflict_adjusted,TechNova Tablet Lite 16,target_market_region,US,technova tablet lite 16|target_market_region|us,0.85,product_16,unstructured,TechNova Tablet Lite 16 is manufactured by TechNova. It is a tablet device. Offers 128GB of internal storage. Available in blue. Targeted at the US market. Fast charging is no. Noise cancellation: no.,unstructured,3
DEC029_NO_FEEDBACK,train_kb,conservative_noisy_or_conflict_adjusted,TechNova Tablet Lite 16,supports_fast_charging,no,technova tablet lite 16|supports_fast_charging|no,0.85,product_16,unstructured,TechNova Tablet Lite 16 is manufactured by TechNova. It is a tablet device. Offers 128GB of internal storage. Available in blue. Targeted at the US market. Fast charging is no. Noise cancellation: no.,unstructured,3
DEC029_NO_FEEDBACK,train_kb,conservative_noisy_or_conflict_adjusted,TechNova Tablet Lite 16,has_noise_cancellation,no,technova tablet lite 16|has_noise_cancellation|no,0.85,product_16,unstructured,TechNova Tablet Lite 16 is manufactured by TechNova. It is a tablet device. Offers 128GB of internal storage. Available in blue. Targeted at the US market. Fast charging is no. Noise cancellation: no.,unstructured,3
DEC029_NO_FEEDBACK,train_kb,conservative_noisy_or_conflict_adjusted,Auralex Smartwatch Pro 22,manufactured_by,Auralex,auralex smartwatch pro 22|manufactured_by|auralex,0.91,product_22,unstructured,Auralex Smartwatch Pro 22 is manufactured by Auralex. It is a smartwatch device. Priced at 349 USD. Offers 256GB of internal storage. Weighs approximately 1.2kg. Available in green. Targeted at the Global market.,unstructured,3
DEC029_NO_FEEDBACK,train_kb,conservative_noisy_or_conflict_adjusted,Auralex Smartwatch Pro 22,has_price_usd,349,auralex smartwatch pro 22|has_price_usd|349,0.91,product_22,unstructured,Auralex Smartwatch Pro 22 is manufactured by Auralex. It is a smartwatch device. Priced at 349 USD. Offers 256GB of internal storage. Weighs approximately 1.2kg. Available in green. Targeted at the Global market.,unstructured,3
DEC029_NO_FEEDBACK,train_kb,conservative_noisy_or_conflict_adjusted,Auralex Smartwatch Pro 22,has_storage_gb,256,auralex smartwatch pro 22|has_storage_gb|256,0.91,product_22,unstructured,Auralex Smartwatch Pro 22 is manufactured by Auralex. It is a smartwatch device. Priced at 349 USD. Offers 256GB of internal storage. Weighs approximately 1.2kg. Available in green. Targeted at the Global market.,unstructured,3
DEC029_NO_FEEDBACK,train_kb,conservative_noisy_or_conflict_adjusted,Auralex Smartwatch Pro 22,has_weight_kg,1.2,auralex smartwatch pro 22|has_weight_kg|1.2,0.91,product_22,unstructured,Auralex Smartwatch Pro 22 is manufactured by Auralex. It is a smartwatch device. Priced at 349 USD. Offers 256GB of internal storage. Weighs approximately 1.2kg. Available in green. Targeted at the Global market.,unstructured,3
DEC029_NO_FEEDBACK,train_kb,conservative_noisy_or_conflict_adjusted,Auralex Smartwatch Pro 22,has_color,green,auralex smartwatch pro 22|has_color|green,0.91,product_22,unstructured,Auralex Smartwatch Pro 22 is manufactured by Auralex. It is a smartwatch device. Priced at 349 USD. Offers 256GB of internal storage. Weighs approximately 1.2kg. Available in green. Targeted at the Global market.,unstructured,3
DEC029_NO_FEEDBACK,train_kb,conservative_noisy_or_conflict_adjusted,Auralex Smartwatch Pro 22,target_market_region,Global,auralex smartwatch pro 22|target_market_region|global,0.91,product_22,unstructured,Auralex Smartwatch Pro 22 is manufactured by Auralex. It is a smartwatch device. Priced at 349 USD. Offers 256GB of internal storage. Weighs approximately 1.2kg. Available in green. Targeted at the Global market.,unstructured,3
DEC029_NO_FEEDBACK,train_kb,conservative_noisy_or_conflict_adjusted,Zenbyte Smartphone Air 23,manufactured_by,Zenbyte,zenbyte smartphone air 23|manufactured_by|zenbyte,0.91,product_23,unstructured,Zenbyte Smartphone Air 23 is manufactured by Zenbyte. It is a smartphone device. Priced at 1299 USD. Battery lasts up to 8 hours. Built with carbon fiber construction. Targeted at the APAC market. Noise cancellation: no.,unstructured,3
DEC029_NO_FEEDBACK,train_kb,conservative_noisy_or_conflict_adjusted,Zenbyte Smartphone Air 23,has_price_usd,1299,zenbyte smartphone air 23|has_price_usd|1299,0.91,product_23,unstructured,Zenbyte Smartphone Air 23 is manufactured by Zenbyte. It is a smartphone device. Priced at 1299 USD. Battery lasts up to 8 hours. Built with carbon fiber construction. Targeted at the APAC market. Noise cancellation: no.,unstructured,3
DEC029_NO_FEEDBACK,train_kb,conservative_noisy_or_conflict_adjusted,Zenbyte Smartphone Air 23,has_battery_life_hours,8,zenbyte smartphone air 23|has_battery_life_hours|8,0.91,product_23,unstructured,Zenbyte Smartphone Air 23 is manufactured by Zenbyte. It is a smartphone device. Priced at 1299 USD. Battery lasts up to 8 hours. Built with carbon fiber construction. Targeted at the APAC market. Noise cancellation: no.,unstructured,3
DEC029_NO_FEEDBACK,train_kb,conservative_noisy_or_conflict_adjusted,Zenbyte Smartphone Air 23,made_of_material,carbon fiber,zenbyte smartphone air 23|made_of_material|carbon fiber,0.91,product_23,unstructured,Zenbyte Smartphone Air 23 is manufactured by Zenbyte. It is a smartphone device. Priced at 1299 USD. Battery lasts up to 8 hours. Built with carbon fiber construction. Targeted at the APAC market. Noise cancellation: no.,unstructured,3
DEC029_NO_FEEDBACK,train_kb,conservative_noisy_or_conflict_adjusted,Zenbyte Smartphone Air 23,target_market_region,APAC,zenbyte smartphone air 23|target_market_region|apac,0.91,product_23,unstructured,Zenbyte Smartphone Air 23 is manufactured by Zenbyte. It is a smartphone device. Priced at 1299 USD. Battery lasts up to 8 hours. Built with carbon fiber construction. Targeted at the APAC market. Noise cancellation: no.,unstructured,3
DEC029_NO_FEEDBACK,train_kb,conservative_noisy_or_conflict_adjusted,Zenbyte Smartphone Air 23,has_noise_cancellation,no,zenbyte smartphone air 23|has_noise_cancellation|no,0.91,product_23,unstructured,Zenbyte Smartphone Air 23 is manufactured by Zenbyte. It is a smartphone device. Priced at 1299 USD. Battery lasts up to 8 hours. Built with carbon fiber construction. Targeted at the APAC market. Noise cancellation: no.,unstructured,3
DEC029_NO_FEEDBACK,train_kb,conservative_noisy_or_conflict_adjusted,smartwatch device,has_price_usd,249,smartwatch device|has_price_usd|249,0.91,product_25,unstructured,It is a smartwatch device. Priced at 249 USD. Offers 1024GB of internal storage. Weighs approximately 1.45kg. Available in silver. Built with plastic construction. Fast charging is yes.,unstructured,3
DEC029_NO_FEEDBACK,train_kb,conservative_noisy_or_conflict_adjusted,smartwatch device,has_storage_gb,1024,smartwatch device|has_storage_gb|1024,0.91,product_25,unstructured,It is a smartwatch device. Priced at 249 USD. Offers 1024GB of internal storage. Weighs approximately 1.45kg. Available in silver. Built with plastic construction. Fast charging is yes.,unstructured,3
DEC029_NO_FEEDBACK,train_kb,conservative_noisy_or_conflict_adjusted,smartwatch device,has_weight_kg,1.45,smartwatch device|has_weight_kg|1.45,0.91,product_25,unstructured,It is a smartwatch device. Priced at 249 USD. Offers 1024GB of internal storage. Weighs approximately 1.45kg. Available in silver. Built with plastic construction. Fast charging is yes.,unstructured,3
DEC029_NO_FEEDBACK,train_kb,conservative_noisy_or_conflict_adjusted,smartwatch device,has_color,silver,smartwatch device|has_color|silver,0.91,product_25,unstructured,It is a smartwatch device. Priced at 249 USD. Offers 1024GB of internal storage. Weighs approximately 1.45kg. Available in silver. Built with plastic construction. Fast charging is yes.,unstructured,3
DEC029_NO_FEEDBACK,train_kb,conservative_noisy_or_conflict_adjusted,smartwatch device,made_of_material,plastic,smartwatch device|made_of_material|plastic,0.91,product_25,unstructured,It is a smartwatch device. Priced at 249 USD. Offers 1024GB of internal storage. Weighs approximately 1.45kg. Available in silver. Built with plastic construction. Fast charging is yes.,unstructured,3
DEC029_NO_FEEDBACK,train_kb,conservative_noisy_or_conflict_adjusted,smartwatch device,supports_fast_charging,yes,smartwatch device|supports_fast_charging|yes,0.91,product_25,unstructured,It is a smartwatch device. Priced at 249 USD. Offers 1024GB of internal storage. Weighs approximately 1.45kg. Available in silver. Built with plastic construction. Fast charging is yes.,unstructured,3
DEC029_NO_FEEDBACK,train_kb,conservative_noisy_or_conflict_adjusted,Auralex Headphones Pro 41,has_price_usd,249,auralex headphones pro 41|has_price_usd|249,0.91,product_28,unstructured,It is a headphones device. Priced at 249 USD. The display measures 10.9 inches. Battery lasts up to 24 hours. Weighs approximately 1.8kg. Available in white. Targeted at the EU market.,unstructured,3
DEC029_NO_FEEDBACK,train_kb,conservative_noisy_or_conflict_adjusted,Auralex Headphones Pro 41,has_screen_size_inch,10.9,auralex headphones pro 41|has_screen_size_inch|10.9,0.91,product_28,unstructured,It is a headphones device. Priced at 249 USD. The display measures 10.9 inches. Battery lasts up to 24 hours. Weighs approximately 1.8kg. Available in white. Targeted at the EU market.,unstructured,3
DEC029_NO_FEEDBACK,train_kb,conservative_noisy_or_conflict_adjusted,Auralex Headphones Pro 41,has_battery_life_hours,24,auralex headphones pro 41|has_battery_life_hours|24,0.91,product_28,unstructured,It is a headphones device. Priced at 249 USD. The display measures 10.9 inches. Battery lasts up to 24 hours. Weighs approximately 1.8kg. Available in white. Targeted at the EU market.,unstructured,3
DEC029_NO_FEEDBACK,train_kb,conservative_noisy_or_conflict_adjusted,Auralex Headphones Pro 41,has_weight_kg,1.8,auralex headphones pro 41|has_weight_kg|1.8,0.91,product_28,unstructured,It is a headphones device. Priced at 249 USD. The display measures 10.9 inches. Battery lasts up to 24 hours. Weighs approximately 1.8kg. Available in white. Targeted at the EU market.,unstructured,3
DEC029_NO_FEEDBACK,train_kb,conservative_noisy_or_conflict_adjusted,Auralex Headphones Pro 41,has_color,white,auralex headphones pro 41|has_color|white,0.91,product_28,unstructured,It is a headphones device. Priced at 249 USD. The display measures 10.9 inches. Battery lasts up to 24 hours. Weighs approximately 1.8kg. Available in white. Targeted at the EU market.,unstructured,3
DEC029_NO_FEEDBACK,train_kb,conservative_noisy_or_conflict_adjusted,Auralex Headphones Pro 41,target_market_region,EU,auralex headphones pro 41|target_market_region|eu,0.91,product_28,unstructured,It is a headphones device. Priced at 249 USD. The display measures 10.9 inches. Battery lasts up to 24 hours. Weighs approximately 1.8kg. Available in white. Targeted at the EU market.,unstructured,3
DEC029_NO_FEEDBACK,train_kb,conservative_noisy_or_conflict_adjusted,VoltEdge Smartphone Pro 29,manufactured_by,VoltEdge,voltedge smartphone pro 29|manufactured_by|voltedge,0.9,product_29,unstructured,VoltEdge Smartphone Pro 29 is manufactured by VoltEdge. Comes with 4GB of RAM. Offers 1024GB of internal storage. Battery lasts up to 12 hours. Weighs approximately 0.18kg. Targeted at the US market. Fast charging is yes.,unstructured,3
DEC029_NO_FEEDBACK,train_kb,conservative_noisy_or_conflict_adjusted,VoltEdge Smartphone Pro 29,has_ram_gb,4,voltedge smartphone pro 29|has_ram_gb|4,0.9,product_29,unstructured,VoltEdge Smartphone Pro 29 is manufactured by VoltEdge. Comes with 4GB of RAM. Offers 1024GB of internal storage. Battery lasts up to 12 hours. Weighs approximately 0.18kg. Targeted at the US market. Fast charging is yes.,unstructured,3
DEC029_NO_FEEDBACK,train_kb,conservative_noisy_or_conflict_adjusted,VoltEdge Smartphone Pro 29,has_storage_gb,1024,voltedge smartphone pro 29|has_storage_gb|1024,0.9,product_29,unstructured,VoltEdge Smartphone Pro 29 is manufactured by VoltEdge. Comes with 4GB of RAM. Offers 1024GB of internal storage. Battery lasts up to 12 hours. Weighs approximately 0.18kg. Targeted at the US market. Fast charging is yes.,unstructured,3
DEC029_NO_FEEDBACK,train_kb,conservative_noisy_or_conflict_adjusted,VoltEdge Smartphone Pro 29,has_battery_life_hours,12,voltedge smartphone pro 29|has_battery_life_hours|12,0.9,product_29,unstructured,VoltEdge Smartphone Pro 29 is manufactured by VoltEdge. Comes with 4GB of RAM. Offers 1024GB of internal storage. Battery lasts up to 12 hours. Weighs approximately 0.18kg. Targeted at the US market. Fast charging is yes.,unstructured,3
DEC029_NO_FEEDBACK,train_kb,conservative_noisy_or_conflict_adjusted,VoltEdge Smartphone Pro 29,has_weight_kg,0.18,voltedge smartphone pro 29|has_weight_kg|0.18,0.9,product_29,unstructured,VoltEdge Smartphone Pro 29 is manufactured by VoltEdge. Comes with 4GB of RAM. Offers 1024GB of internal storage. Battery lasts up to 12 hours. Weighs approximately 0.18kg. Targeted at the US market. Fast charging is yes.,unstructured,3
DEC029_NO_FEEDBACK,train_kb,conservative_noisy_or_conflict_adjusted,VoltEdge Smartphone Pro 29,target_market_region,US,voltedge smartphone pro 29|target_market_region|us,0.9,product_29,unstructured,VoltEdge Smartphone Pro 29 is manufactured by VoltEdge. Comes with 4GB of RAM. Offers 1024GB of internal storage. Battery lasts up to 12 hours. Weighs approximately 0.18kg. Targeted at the US market. Fast charging is yes.,unstructured,3
DEC029_NO_FEEDBACK,train_kb,conservative_noisy_or_conflict_adjusted,VoltEdge Smartphone Pro 29,supports_fast_charging,yes,voltedge smartphone pro 29|supports_fast_charging|yes,0.9,product_29,unstructured,VoltEdge Smartphone Pro 29 is manufactured by VoltEdge. Comes with 4GB of RAM. Offers 1024GB of internal storage. Battery lasts up to 12 hours. Weighs approximately 0.18kg. Targeted at the US market. Fast charging is yes.,unstructured,3
DEC029_NO_FEEDBACK,train_kb,conservative_noisy_or_conflict_adjusted,VoltEdge Tablet Max 30,manufactured_by,VoltEdge,voltedge tablet max 30|manufactured_by|voltedge,0.91,product_30,unstructured,VoltEdge Tablet Max 30 is manufactured by VoltEdge. The display measures 10.9 inches. Comes with 8GB of RAM. Offers 1024GB of internal storage. Battery lasts up to 14 hours. Weighs approximately 0.55kg. Fast charging is no.,unstructured,3
DEC029_NO_FEEDBACK,train_kb,conservative_noisy_or_conflict_adjusted,VoltEdge Tablet Max 30,has_screen_size_inch,10.9,voltedge tablet max 30|has_screen_size_inch|10.9,0.91,product_30,unstructured,VoltEdge Tablet Max 30 is manufactured by VoltEdge. The display measures 10.9 inches. Comes with 8GB of RAM. Offers 1024GB of internal storage. Battery lasts up to 14 hours. Weighs approximately 0.55kg. Fast charging is no.,unstructured,3
DEC029_NO_FEEDBACK,train_kb,conservative_noisy_or_conflict_adjusted,VoltEdge Tablet Max 30,has_ram_gb,8,voltedge tablet max 30|has_ram_gb|8,0.91,product_30,unstructured,VoltEdge Tablet Max 30 is manufactured by VoltEdge. The display measures 10.9 inches. Comes with 8GB of RAM. Offers 1024GB of internal storage. Battery lasts up to 14 hours. Weighs approximately 0.55kg. Fast charging is no.,unstructured,3
DEC029_NO_FEEDBACK,train_kb,conservative_noisy_or_conflict_adjusted,VoltEdge Tablet Max 30,has_storage_gb,1024,voltedge tablet max 30|has_storage_gb|1024,0.91,product_30,unstructured,VoltEdge Tablet Max 30 is manufactured by VoltEdge. The display measures 10.9 inches. Comes with 8GB of RAM. Offers 1024GB of internal storage. Battery lasts up to 14 hours. Weighs approximately 0.55kg. Fast charging is no.,unstructured,3
DEC029_NO_FEEDBACK,train_kb,conservative_noisy_or_conflict_adjusted,VoltEdge Tablet Max 30,has_battery_life_hours,14,voltedge tablet max 30|has_battery_life_hours|14,0.91,product_30,unstructured,VoltEdge Tablet Max 30 is manufactured by VoltEdge. The display measures 10.9 inches. Comes with 8GB of RAM. Offers 1024GB of internal storage. Battery lasts up to 14 hours. Weighs approximately 0.55kg. Fast charging is no.,unstructured,3
DEC029_NO_FEEDBACK,train_kb,conservative_noisy_or_conflict_adjusted,VoltEdge Tablet Max 30,has_weight_kg,0.55,voltedge tablet max 30|has_weight_kg|0.55,0.91,product_30,unstructured,VoltEdge Tablet Max 30 is manufactured by VoltEdge. The display measures 10.9 inches. Comes with 8GB of RAM. Offers 1024GB of internal storage. Battery lasts up to 14 hours. Weighs approximately 0.55kg. Fast charging is no.,unstructured,3
DEC029_NO_FEEDBACK,train_kb,conservative_noisy_or_conflict_adjusted,VoltEdge Tablet Max 30,supports_fast_charging,no,voltedge tablet max 30|supports_fast_charging|no,0.91,product_30,unstructured,VoltEdge Tablet Max 30 is manufactured by VoltEdge. The display measures 10.9 inches. Comes with 8GB of RAM. Offers 1024GB of internal storage. Battery lasts up to 14 hours. Weighs approximately 0.55kg. Fast charging is no.,unstructured,3
DEC029_NO_FEEDBACK,train_kb,conservative_noisy_or_conflict_adjusted,VoltEdge Tablet Plus 31,manufactured_by,VoltEdge,voltedge tablet plus 31|manufactured_by|voltedge,0.95,product_31,unstructured,VoltEdge Tablet Plus 31 is manufactured by VoltEdge. It is a tablet device. Comes with 16GB of RAM. Battery lasts up to 14 hours. Targeted at the US market. Fast charging is yes. Noise cancellation: no.,unstructured,3
DEC029_NO_FEEDBACK,train_kb,conservative_noisy_or_conflict_adjusted,VoltEdge Tablet Plus 31,has_ram_gb,16,voltedge tablet plus 31|has_ram_gb|16,0.92,product_31,unstructured,VoltEdge Tablet Plus 31 is manufactured by VoltEdge. It is a tablet device. Comes with 16GB of RAM. Battery lasts up to 14 hours. Targeted at the US market. Fast charging is yes. Noise cancellation: no.,unstructured,3
DEC029_NO_FEEDBACK,train_kb,conservative_noisy_or_conflict_adjusted,VoltEdge Tablet Plus 31,has_battery_life_hours,14,voltedge tablet plus 31|has_battery_life_hours|14,0.93,product_31,unstructured,VoltEdge Tablet Plus 31 is manufactured by VoltEdge. It is a tablet device. Comes with 16GB of RAM. Battery lasts up to 14 hours. Targeted at the US market. Fast charging is yes. Noise cancellation: no.,unstructured,3
DEC029_NO_FEEDBACK,train_kb,conservative_noisy_or_conflict_adjusted,VoltEdge Tablet Plus 31,target_market_region,US,voltedge tablet plus 31|target_market_region|us,0.94,product_31,unstructured,VoltEdge Tablet Plus 31 is manufactured by VoltEdge. It is a tablet device. Comes with 16GB of RAM. Battery lasts up to 14 hours. Targeted at the US market. Fast charging is yes. Noise cancellation: no.,unstructured,3
DEC029_NO_FEEDBACK,train_kb,conservative_noisy_or_conflict_adjusted,VoltEdge Tablet Plus 31,supports_fast_charging,yes,voltedge tablet plus 31|supports_fast_charging|yes,0.9,product_31,unstructured,VoltEdge Tablet Plus 31 is manufactured by VoltEdge. It is a tablet device. Comes with 16GB of RAM. Battery lasts up to 14 hours. Targeted at the US market. Fast charging is yes. Noise cancellation: no.,unstructured,3
DEC029_NO_FEEDBACK,train_kb,conservative_noisy_or_conflict_adjusted,VoltEdge Tablet Plus 31,has_noise_cancellation,no,voltedge tablet plus 31|has_noise_cancellation|no,0.91,product_31,unstructured,VoltEdge Tablet Plus 31 is manufactured by VoltEdge. It is a tablet device. Comes with 16GB of RAM. Battery lasts up to 14 hours. Targeted at the US market. Fast charging is yes. Noise cancellation: no.,unstructured,3
DEC029_NO_FEEDBACK,train_kb,conservative_noisy_or_conflict_adjusted,It is a tablet device,belongs_to_category,tablet,it is a tablet device|belongs_to_category|tablet,0.85,product_34,unstructured,It is a tablet device. Priced at 1299 USD. The display measures 10.9 inches. Comes with 8GB of RAM. Weighs approximately 0.18kg. Built with carbon fiber construction. Targeted at the Global market.,unstructured,3
DEC029_NO_FEEDBACK,train_kb,conservative_noisy_or_conflict_adjusted,It is a tablet device,has_price_usd,1299,it is a tablet device|has_price_usd|1299,0.92,product_34,unstructured,It is a tablet device. Priced at 1299 USD. The display measures 10.9 inches. Comes with 8GB of RAM. Weighs approximately 0.18kg. Built with carbon fiber construction. Targeted at the Global market.,unstructured,3
DEC029_NO_FEEDBACK,train_kb,conservative_noisy_or_conflict_adjusted,It is a tablet device,has_screen_size_inch,10.9,it is a tablet device|has_screen_size_inch|10.9,0.93,product_34,unstructured,It is a tablet device. Priced at 1299 USD. The display measures 10.9 inches. Comes with 8GB of RAM. Weighs approximately 0.18kg. Built with carbon fiber construction. Targeted at the Global market.,unstructured,3
DEC029_NO_FEEDBACK,train_kb,conservative_noisy_or_conflict_adjusted,It is a tablet device,has_ram_gb,8,it is a tablet device|has_ram_gb|8,0.94,product_34,unstructured,It is a tablet device. Priced at 1299 USD. The display measures 10.9 inches. Comes with 8GB of RAM. Weighs approximately 0.18kg. Built with carbon fiber construction. Targeted at the Global market.,unstructured,3
DEC029_NO_FEEDBACK,train_kb,conservative_noisy_or_conflict_adjusted,It is a tablet device,has_weight_kg,0.18,it is a tablet device|has_weight_kg|0.18,0.95,product_34,unstructured,It is a tablet device. Priced at 1299 USD. The display measures 10.9 inches. Comes with 8GB of RAM. Weighs approximately 0.18kg. Built with carbon fiber construction. Targeted at the Global market.,unstructured,3
DEC029_NO_FEEDBACK,train_kb,conservative_noisy_or_conflict_adjusted,It is a tablet device,made_of_material,carbon fiber,it is a tablet device|made_of_material|carbon fiber,0.96,product_34,unstructured,It is a tablet device. Priced at 1299 USD. The display measures 10.9 inches. Comes with 8GB of RAM. Weighs approximately 0.18kg. Built with carbon fiber construction. Targeted at the Global market.,unstructured,3
DEC029_NO_FEEDBACK,train_kb,conservative_noisy_or_conflict_adjusted,It is a tablet device,target_market_region,Global,it is a tablet device|target_market_region|global,0.9,product_34,unstructured,It is a tablet device. Priced at 1299 USD. The display measures 10.9 inches. Comes with 8GB of RAM. Weighs approximately 0.18kg. Built with carbon fiber construction. Targeted at the Global market.,unstructured,3
DEC029_NO_FEEDBACK,train_kb,conservative_noisy_or_conflict_adjusted,TechNova Smartphone Pro 1,has_noise_cancellation,no,technova smartphone pro 1|has_noise_cancellation|no,1.0,product_36,unstructured,It is a tablet device. Priced at 299 USD. Weighs approximately 0.23kg. Available in white. Targeted at the US market. Fast charging is no. Noise cancellation: no.,unstructured,3
DEC029_NO_FEEDBACK,train_kb,conservative_noisy_or_conflict_adjusted,TechNova Smartphone Pro 1,has_storage_gb,64,technova smartphone pro 1|has_storage_gb|64,0.991,product_36,unstructured,It is a tablet device. Priced at 299 USD. Weighs approximately 0.23kg. Available in white. Targeted at the US market. Fast charging is no. Noise cancellation: no.,unstructured,3
DEC029_NO_FEEDBACK,train_kb,conservative_noisy_or_conflict_adjusted,NeoTech Tablet Air 39,has_color,blue,neotech tablet air 39|has_color|blue,0.978,product_36,unstructured,It is a tablet device. Priced at 299 USD. Weighs approximately 0.23kg. Available in white. Targeted at the US market. Fast charging is no. Noise cancellation: no.,unstructured,3
DEC029_NO_FEEDBACK,train_kb,conservative_noisy_or_conflict_adjusted,NeoTech Tablet Air 39,has_noise_cancellation,no,neotech tablet air 39|has_noise_cancellation|no,0.978,product_36,unstructured,It is a tablet device. Priced at 299 USD. Weighs approximately 0.23kg. Available in white. Targeted at the US market. Fast charging is no. Noise cancellation: no.,unstructured,3
DEC029_NO_FEEDBACK,train_kb,conservative_noisy_or_conflict_adjusted,NeoTech Tablet Air 39,has_screen_size_inch,10.9,neotech tablet air 39|has_screen_size_inch|10.9,0.978,product_36,unstructured,It is a tablet device. Priced at 299 USD. Weighs approximately 0.23kg. Available in white. Targeted at the US market. Fast charging is no. Noise cancellation: no.,unstructured,3
DEC029_NO_FEEDBACK,train_kb,conservative_noisy_or_conflict_adjusted,NeoTech Tablet Air 39,has_storage_gb,512,neotech tablet air 39|has_storage_gb|512,0.978,product_36,unstructured,It is a tablet device. Priced at 299 USD. Weighs approximately 0.23kg. Available in white. Targeted at the US market. Fast charging is no. Noise cancellation: no.,unstructured,3
DEC029_NO_FEEDBACK,train_kb,conservative_noisy_or_conflict_adjusted,NeoTech Tablet Air 39,manufactured_by,NeoTech,neotech tablet air 39|manufactured_by|neotech,0.978,product_36,unstructured,It is a tablet device. Priced at 299 USD. Weighs approximately 0.23kg. Available in white. Targeted at the US market. Fast charging is no. Noise cancellation: no.,unstructured,3
DEC029_NO_FEEDBACK,train_kb,conservative_noisy_or_conflict_adjusted,NeoTech Tablet Air 39,supports_fast_charging,no,neotech tablet air 39|supports_fast_charging|no,0.978,product_36,unstructured,It is a tablet device. Priced at 299 USD. Weighs approximately 0.23kg. Available in white. Targeted at the US market. Fast charging is no. Noise cancellation: no.,unstructured,3
DEC029_NO_FEEDBACK,train_kb,conservative_noisy_or_conflict_adjusted,NeoTech Tablet Air 39,target_market_region,US,neotech tablet air 39|target_market_region|us,0.978,product_36,unstructured,It is a tablet device. Priced at 299 USD. Weighs approximately 0.23kg. Available in white. Targeted at the US market. Fast charging is no. Noise cancellation: no.,unstructured,3
DEC029_NO_FEEDBACK,train_kb,conservative_noisy_or_conflict_adjusted,Auralex Headphones Pro 41,has_noise_cancellation,no,auralex headphones pro 41|has_noise_cancellation|no,0.978,product_36,unstructured,It is a tablet device. Priced at 299 USD. Weighs approximately 0.23kg. Available in white. Targeted at the US market. Fast charging is no. Noise cancellation: no.,unstructured,3
DEC029_NO_FEEDBACK,train_kb,conservative_noisy_or_conflict_adjusted,Auralex Headphones Pro 41,has_price_usd,1099,auralex headphones pro 41|has_price_usd|1099,0.978,product_36,unstructured,It is a tablet device. Priced at 299 USD. Weighs approximately 0.23kg. Available in white. Targeted at the US market. Fast charging is no. Noise cancellation: no.,unstructured,3
DEC029_NO_FEEDBACK,train_kb,conservative_noisy_or_conflict_adjusted,Auralex Headphones Pro 41,has_ram_gb,4,auralex headphones pro 41|has_ram_gb|4,0.978,product_36,unstructured,It is a tablet device. Priced at 299 USD. Weighs approximately 0.23kg. Available in white. Targeted at the US market. Fast charging is no. Noise cancellation: no.,unstructured,3
DEC029_NO_FEEDBACK,train_kb,conservative_noisy_or_conflict_adjusted,TechNova Smartphone Pro 1,has_ram_gb,16,technova smartphone pro 1|has_ram_gb|16,0.91,product_45,unstructured,Priced at 499 USD. Comes with 16GB of RAM. Battery lasts up to 8 hours. Weighs approximately 1.2kg. Available in white. Built with aluminum construction. Fast charging is yes.,unstructured,3
DEC029_NO_FEEDBACK,train_kb,conservative_noisy_or_conflict_adjusted,TechNova Smartphone Pro 1,has_battery_life_hours,8,technova smartphone pro 1|has_battery_life_hours|8,0.91,product_45,unstructured,Priced at 499 USD. Comes with 16GB of RAM. Battery lasts up to 8 hours. Weighs approximately 1.2kg. Available in white. Built with aluminum construction. Fast charging is yes.,unstructured,3
DEC029_NO_FEEDBACK,train_kb,conservative_noisy_or_conflict_adjusted,TechNova Smartphone Pro 1,has_weight_kg,1.2,technova smartphone pro 1|has_weight_kg|1.2,0.91,product_45,unstructured,Priced at 499 USD. Comes with 16GB of RAM. Battery lasts up to 8 hours. Weighs approximately 1.2kg. Available in white. Built with aluminum construction. Fast charging is yes.,unstructured,3
DEC029_NO_FEEDBACK,train_kb,conservative_noisy_or_conflict_adjusted,TechNova Smartphone Pro 1,has_color,white,technova smartphone pro 1|has_color|white,0.91,product_45,unstructured,Priced at 499 USD. Comes with 16GB of RAM. Battery lasts up to 8 hours. Weighs approximately 1.2kg. Available in white. Built with aluminum construction. Fast charging is yes.,unstructured,3
DEC029_NO_FEEDBACK,train_kb,conservative_noisy_or_conflict_adjusted,TechNova Smartphone Pro 1,made_of_material,aluminum,technova smartphone pro 1|made_of_material|aluminum,0.91,product_45,unstructured,Priced at 499 USD. Comes with 16GB of RAM. Battery lasts up to 8 hours. Weighs approximately 1.2kg. Available in white. Built with aluminum construction. Fast charging is yes.,unstructured,3
DEC029_NO_FEEDBACK,train_kb,conservative_noisy_or_conflict_adjusted,TechNova Smartphone Pro 1,supports_fast_charging,yes,technova smartphone pro 1|supports_fast_charging|yes,0.91,product_45,unstructured,Priced at 499 USD. Comes with 16GB of RAM. Battery lasts up to 8 hours. Weighs approximately 1.2kg. Available in white. Built with aluminum construction. Fast charging is yes.,unstructured,3
DEC029_NO_FEEDBACK,train_kb,conservative_noisy_or_conflict_adjusted,TechNova Smartphone Pro 1,has_ram_gb,12,technova smartphone pro 1|has_ram_gb|12,0.8,product_47,unstructured,It is a tablet device. Comes with 12GB of RAM. Offers 64GB of internal storage. Battery lasts up to 12 hours. Built with aluminum construction. Targeted at the US market. Noise cancellation: no.,unstructured,3
DEC029_NO_FEEDBACK,train_kb,conservative_noisy_or_conflict_adjusted,PixelWare Smartwatch Max 48,manufactured_by,PixelWare,pixelware smartwatch max 48|manufactured_by|pixelware,0.91,product_48,unstructured,PixelWare Smartwatch Max 48 is manufactured by PixelWare. Priced at 1099 USD. Comes with 6GB of RAM. Offers 1024GB of internal storage. Battery lasts up to 8 hours. Available in black. Noise cancellation: no.,unstructured,3
DEC029_NO_FEEDBACK,train_kb,conservative_noisy_or_conflict_adjusted,PixelWare Smartwatch Max 48,has_price_usd,1099,pixelware smartwatch max 48|has_price_usd|1099,0.91,product_48,unstructured,PixelWare Smartwatch Max 48 is manufactured by PixelWare. Priced at 1099 USD. Comes with 6GB of RAM. Offers 1024GB of internal storage. Battery lasts up to 8 hours. Available in black. Noise cancellation: no.,unstructured,3
DEC029_NO_FEEDBACK,train_kb,conservative_noisy_or_conflict_adjusted,PixelWare Smartwatch Max 48,has_ram_gb,6,pixelware smartwatch max 48|has_ram_gb|6,0.91,product_48,unstructured,PixelWare Smartwatch Max 48 is manufactured by PixelWare. Priced at 1099 USD. Comes with 6GB of RAM. Offers 1024GB of internal storage. Battery lasts up to 8 hours. Available in black. Noise cancellation: no.,unstructured,3
DEC029_NO_FEEDBACK,train_kb,conservative_noisy_or_conflict_adjusted,PixelWare Smartwatch Max 48,has_storage_gb,1024,pixelware smartwatch max 48|has_storage_gb|1024,0.91,product_48,unstructured,PixelWare Smartwatch Max 48 is manufactured by PixelWare. Priced at 1099 USD. Comes with 6GB of RAM. Offers 1024GB of internal storage. Battery lasts up to 8 hours. Available in black. Noise cancellation: no.,unstructured,3
DEC029_NO_FEEDBACK,train_kb,conservative_noisy_or_conflict_adjusted,PixelWare Smartwatch Max 48,has_battery_life_hours,8,pixelware smartwatch max 48|has_battery_life_hours|8,0.91,product_48,unstructured,PixelWare Smartwatch Max 48 is manufactured by PixelWare. Priced at 1099 USD. Comes with 6GB of RAM. Offers 1024GB of internal storage. Battery lasts up to 8 hours. Available in black. Noise cancellation: no.,unstructured,3
DEC029_NO_FEEDBACK,train_kb,conservative_noisy_or_conflict_adjusted,PixelWare Smartwatch Max 48,has_color,black,pixelware smartwatch max 48|has_color|black,0.91,product_48,unstructured,PixelWare Smartwatch Max 48 is manufactured by PixelWare. Priced at 1099 USD. Comes with 6GB of RAM. Offers 1024GB of internal storage. Battery lasts up to 8 hours. Available in black. Noise cancellation: no.,unstructured,3
DEC029_NO_FEEDBACK,train_kb,conservative_noisy_or_conflict_adjusted,Zenbyte Laptop Lite 49,manufactured_by,Zenbyte,zenbyte laptop lite 49|manufactured_by|zenbyte,0.91,product_49,unstructured,Zenbyte Laptop Lite 49 is manufactured by Zenbyte. The display measures 6.1 inches. Comes with 4GB of RAM. Offers 1024GB of internal storage. Battery lasts up to 10 hours. Targeted at the US market. Noise cancellation: no.,unstructured,3
DEC029_NO_FEEDBACK,train_kb,conservative_noisy_or_conflict_adjusted,Zenbyte Laptop Lite 49,has_screen_size_inch,6.1,zenbyte laptop lite 49|has_screen_size_inch|6.1,0.91,product_49,unstructured,Zenbyte Laptop Lite 49 is manufactured by Zenbyte. The display measures 6.1 inches. Comes with 4GB of RAM. Offers 1024GB of internal storage. Battery lasts up to 10 hours. Targeted at the US market. Noise cancellation: no.,unstructured,3
DEC029_NO_FEEDBACK,train_kb,conservative_noisy_or_conflict_adjusted,Zenbyte Laptop Lite 49,has_ram_gb,4,zenbyte laptop lite 49|has_ram_gb|4,0.91,product_49,unstructured,Zenbyte Laptop Lite 49 is manufactured by Zenbyte. The display measures 6.1 inches. Comes with 4GB of RAM. Offers 1024GB of internal storage. Battery lasts up to 10 hours. Targeted at the US market. Noise cancellation: no.,unstructured,3
DEC029_NO_FEEDBACK,train_kb,conservative_noisy_or_conflict_adjusted,Zenbyte Laptop Lite 49,has_storage_gb,1024,zenbyte laptop lite 49|has_storage_gb|1024,0.91,product_49,unstructured,Zenbyte Laptop Lite 49 is manufactured by Zenbyte. The display measures 6.1 inches. Comes with 4GB of RAM. Offers 1024GB of internal storage. Battery lasts up to 10 hours. Targeted at the US market. Noise cancellation: no.,unstructured,3
DEC029_NO_FEEDBACK,train_kb,conservative_noisy_or_conflict_adjusted,Zenbyte Laptop Lite 49,has_battery_life_hours,10,zenbyte laptop lite 49|has_battery_life_hours|10,0.91,product_49,unstructured,Zenbyte Laptop Lite 49 is manufactured by Zenbyte. The display measures 6.1 inches. Comes with 4GB of RAM. Offers 1024GB of internal storage. Battery lasts up to 10 hours. Targeted at the US market. Noise cancellation: no.,unstructured,3
DEC029_NO_FEEDBACK,train_kb,conservative_noisy_or_conflict_adjusted,Zenbyte Laptop Lite 49,target_market_region,US,zenbyte laptop lite 49|target_market_region|us,0.91,product_49,unstructured,Zenbyte Laptop Lite 49 is manufactured by Zenbyte. The display measures 6.1 inches. Comes with 4GB of RAM. Offers 1024GB of internal storage. Battery lasts up to 10 hours. Targeted at the US market. Noise cancellation: no.,unstructured,3
DEC029_NO_FEEDBACK,train_kb,conservative_noisy_or_conflict_adjusted,Zenbyte Laptop Lite 49,has_noise_cancellation,no,zenbyte laptop lite 49|has_noise_cancellation|no,0.91,product_49,unstructured,Zenbyte Laptop Lite 49 is manufactured by Zenbyte. The display measures 6.1 inches. Comes with 4GB of RAM. Offers 1024GB of internal storage. Battery lasts up to 10 hours. Targeted at the US market. Noise cancellation: no.,unstructured,3
DEC029_NO_FEEDBACK,train_kb,conservative_noisy_or_conflict_adjusted,Auralex Laptop Max 50,manufactured_by,Auralex,auralex laptop max 50|manufactured_by|auralex,0.95,product_50,unstructured,Auralex Laptop Max 50 is manufactured by Auralex. It is a laptop device. Priced at 199 USD. Offers 1024GB of internal storage. Battery lasts up to 20 hours. Weighs approximately 0.42kg. Targeted at the APAC market.,unstructured,3
DEC029_NO_FEEDBACK,train_kb,conservative_noisy_or_conflict_adjusted,Auralex Laptop Max 50,has_price_usd,199,auralex laptop max 50|has_price_usd|199,0.92,product_50,unstructured,Auralex Laptop Max 50 is manufactured by Auralex. It is a laptop device. Priced at 199 USD. Offers 1024GB of internal storage. Battery lasts up to 20 hours. Weighs approximately 0.42kg. Targeted at the APAC market.,unstructured,3
DEC029_NO_FEEDBACK,train_kb,conservative_noisy_or_conflict_adjusted,Auralex Laptop Max 50,has_storage_gb,1024,auralex laptop max 50|has_storage_gb|1024,0.93,product_50,unstructured,Auralex Laptop Max 50 is manufactured by Auralex. It is a laptop device. Priced at 199 USD. Offers 1024GB of internal storage. Battery lasts up to 20 hours. Weighs approximately 0.42kg. Targeted at the APAC market.,unstructured,3
DEC029_NO_FEEDBACK,train_kb,conservative_noisy_or_conflict_adjusted,Auralex Laptop Max 50,has_battery_life_hours,20,auralex laptop max 50|has_battery_life_hours|20,0.94,product_50,unstructured,Auralex Laptop Max 50 is manufactured by Auralex. It is a laptop device. Priced at 199 USD. Offers 1024GB of internal storage. Battery lasts up to 20 hours. Weighs approximately 0.42kg. Targeted at the APAC market.,unstructured,3
DEC029_NO_FEEDBACK,train_kb,conservative_noisy_or_conflict_adjusted,Auralex Laptop Max 50,has_weight_kg,0.42,auralex laptop max 50|has_weight_kg|0.42,0.95,product_50,unstructured,Auralex Laptop Max 50 is manufactured by Auralex. It is a laptop device. Priced at 199 USD. Offers 1024GB of internal storage. Battery lasts up to 20 hours. Weighs approximately 0.42kg. Targeted at the APAC market.,unstructured,3
DEC029_NO_FEEDBACK,train_kb,conservative_noisy_or_conflict_adjusted,Auralex Laptop Max 50,target_market_region,APAC,auralex laptop max 50|target_market_region|apac,0.96,product_50,unstructured,Auralex Laptop Max 50 is manufactured by Auralex. It is a laptop device. Priced at 199 USD. Offers 1024GB of internal storage. Battery lasts up to 20 hours. Weighs approximately 0.42kg. Targeted at the APAC market.,unstructured,3
